user_number,user_name,scenario
0,AAB1302,0
1,AAB1762,0
2,AAC0904,0
3,AAC1033,0
4,AAC1489,0
5,AAG1136,0
6,AAL1327,0
7,AAM0972,0
8,AAO1919,0
9,AAR1793,0
10,AAW0914,0
11,AAW0952,0
12,AAW0969,0
13,ABB0019,0
14,ABC1881,0
15,ABL1229,0
16,ABM0890,0
17,ACA1126,3
18,ACB0220,0
19,ACB1087,0
20,ACB1485,0
21,ACC0950,0
22,ACC1855,0
23,ACD1174,0
24,ACE1431,0
25,ACG0152,0
26,ACH0937,0
27,ACH1011,0
28,ACH1831,0
29,ACH1840,0
30,ACJ1797,0
31,ACM1770,4
32,ACR1045,0
33,ACS0589,0
34,ACT1903,0
35,ACW0078,0
36,ADC1014,0
37,ADG0619,0
38,ADH0153,0
39,ADH1016,0
40,ADL1898,0
41,ADR0810,0
42,ADR1156,0
43,AEC1085,0
44,AEF1032,0
45,AEG0962,0
46,AEH0001,0
47,AEM0113,0
48,AEO1116,0
49,AES1373,0
50,AFC0792,0
51,AFL1759,0
52,AFN0176,0
53,AFP1341,0
54,AFW1639,0
55,AGB0447,0
56,AGB0901,0
57,AGB1507,0
58,AGC0592,0
59,AGH1971,0
60,AGW1389,0
61,AHC1044,0
62,AHD0590,0
63,AHH0085,0
64,AHJ1993,0
65,AHN0681,0
66,AHN0998,0
67,AIE0773,0
68,AIH0814,0
69,AJB1763,0
70,AJD1612,0
71,AJH0191,0
72,AJH0724,0
73,AJM0049,0
74,AJM0956,0
75,AJR1103,0
76,AJS1408,0
77,AJS1482,0
78,AJT0419,0
79,AKD0332,0
80,AKK0032,0
81,AKM0214,0
82,AKP0503,0
83,AKR0756,0
84,AKS0448,0
85,AKS0586,0
86,AKS0662,0
87,ALB0668,0
88,ALB1144,0
89,ALC0604,0
90,ALH0506,0
91,ALM1768,0
92,ALN0182,0
93,ALT1465,1
94,ALW0764,1
95,AMB0403,0
96,AMB0745,0
97,AMC0265,0
98,AMC0854,0
99,AMC1724,0
100,AMC1883,4
101,AME1364,0
102,AMG1628,0
103,AMH1887,0
104,AML0268,0
105,AMM1285,0
106,AMS1236,0
107,ANC0027,0
108,ANG0427,0
109,ANH1110,0
110,ANH1583,0
111,ANM0830,0
112,ANR0502,0
113,ANS0705,0
114,ANT0148,0
115,AOB0391,0
116,AOC1283,0
117,AOH0883,0
118,AOP1202,0
119,APD1148,0
120,APR1168,0
121,AQC0371,0
122,AQL1757,0
123,ARB0626,0
124,ARD0538,0
125,ARD0790,0
126,ARF0719,0
127,ARG1264,0
128,ARL0411,0
129,ARM0333,0
130,ARM0805,0
131,ARP0574,0
132,ARP1356,0
133,ARV1884,0
134,ASB0658,0
135,ASC1297,0
136,ASH0298,4
137,ASH0458,4
138,ASM0398,0
139,ASO0180,0
140,ASR0150,0
141,AST0328,0
142,ATB0490,0
143,ATC1916,0
144,ATD0517,0
145,ATD1067,0
146,ATO0307,0
147,ATS1073,0
148,AUH0138,0
149,AVG1169,0
150,AVH1217,0
151,AVP1137,0
152,AWB1309,0
153,AWB1661,0
154,AWC1213,0
155,AWD1976,0
156,AWK1773,0
157,AWW0676,0
158,AWW0718,0
159,AWW1749,0
160,AXP1568,0
161,AXS0729,0
162,AYG1697,1
163,AZW1420,0
164,BAA0385,0
165,BAB1874,0
166,BAG0315,0
167,BAH1537,0
168,BAR1328,0
169,BAR1640,0
170,BAS0763,0
171,BAS1078,0
172,BAS1097,0
173,BAT1359,0
174,BBB0012,0
175,BBC1191,0
176,BBF0480,0
177,BBG0378,0
178,BBH1945,0
179,BBM0588,0
180,BBN0449,0
181,BBR1381,0
182,BBW0151,0
183,BCA1517,0
184,BCB1715,0
185,BCC1259,0
186,BCC1597,0
187,BCG0853,0
188,BCL0231,0
189,BCL1423,0
190,BCR0747,0
191,BCS1310,0
192,BDB1111,0
193,BDC0936,0
194,BDF0015,0
195,BDH0981,0
196,BDM0274,0
197,BDM0442,0
198,BDM1204,0
199,BDM1457,0
200,BDP0096,4
201,BDP1162,0
202,BDR0223,0
203,BEM1501,0
204,BGC0649,0
205,BGF1845,0
206,BGH1443,0
207,BGK0345,0
208,BGM0233,0
209,BGR0917,0
210,BHA1577,0
211,BHB0717,0
212,BHG1947,0
213,BHM1707,0
214,BHP1872,0
215,BIM0885,0
216,BIS1598,0
217,BJG0492,0
218,BJG1852,0
219,BJH0601,0
220,BJM1314,0
221,BKA1178,0
222,BKB0669,0
223,BKF0632,0
224,BKG0597,0
225,BKL0545,0
226,BLC1263,0
227,BLK0698,0
228,BLW0552,0
229,BMC0650,0
230,BMG1070,0
231,BMR0343,0
232,BMR0865,0
233,BNE1140,0
234,BNN0975,0
235,BNS0484,0
236,BNT1804,0
237,BNV1461,0
238,BOC1318,0
239,BOS1170,0
240,BPA0095,0
241,BPK1731,0
242,BRG0728,0
243,BRL1701,0
244,BRM0126,0
245,BRM1080,0
246,BRM1454,0
247,BSD1735,0
248,BSO0826,0
249,BSS0847,0
250,BSW1959,0
251,BSY1451,0
252,BTD0296,0
253,BTD1059,0
254,BTG1551,0
255,BTN0147,0
256,BTR1410,0
257,BTV1433,0
258,BUE1561,0
259,BUH1249,0
260,BWC0509,0
261,BWJ1539,0
262,BWM0175,0
263,BWW0751,0
264,BYO1846,2
265,BYS0199,0
266,BYV1695,0
267,BYW1523,0
268,BZC1806,0
269,BZF0651,0
270,CAB0290,0
271,CAB1160,0
272,CAB1189,0
273,CAB1886,0
274,CAC1083,0
275,CAD0354,0
276,CAD0866,0
277,CAF0109,0
278,CAG1416,0
279,CAH0149,0
280,CAH0595,0
281,CAM0158,0
282,CAM1025,0
283,CAP0471,0
284,CAS0997,0
285,CAS1068,0
286,CAV0656,0
287,CBC1504,0
288,CBC1607,0
289,CBD1128,0
290,CBD1574,0
291,CBG0183,0
292,CBH1635,0
293,CBK0185,0
294,CBK1908,0
295,CBM1272,0
296,CBN1983,0
297,CBP0507,0
298,CBS1856,0
299,CBW1826,4
300,CCB0076,0
301,CCB1836,0
302,CCC0569,0
303,CCC1691,0
304,CCC1900,0
305,CCG1347,0
306,CCK1540,0
307,CCM0612,0
308,CCM1270,0
309,CCM1401,0
310,CCP0774,0
311,CCP1460,0
312,CCP1491,0
313,CCR0338,0
314,CCR1396,0
315,CCT0142,0
316,CCW0097,0
317,CDB1594,0
318,CDD1124,0
319,CDG0551,0
320,CDG0770,0
321,CDL0189,0
322,CDO0684,0
323,CEB1879,0
324,CEG1442,0
325,CEG1467,0
326,CEG1535,0
327,CEH1567,0
328,CEM1385,0
329,CES0201,0
330,CEW1960,0
331,CFJ0335,0
332,CGF1056,4
333,CGN0451,0
334,CGS0309,0
335,CGS0647,0
336,CGV0671,0
337,CGW1511,0
338,CHL0953,0
339,CHM1312,0
340,CHN0282,0
341,CHP1711,2
342,CHS1238,0
343,CHW0919,0
344,CHW1210,0
345,CIF1430,2
346,CIM1095,0
347,CIM1232,0
348,CIS1542,0
349,CIW1591,0
350,CJE1192,0
351,CJG0897,0
352,CJH0504,0
353,CJL0143,0
354,CJM0410,0
355,CJM0802,0
356,CKB0245,0
357,CKC0487,0
358,CKD0967,0
359,CKE0373,0
360,CKH0316,0
361,CKL0652,0
362,CKM0939,0
363,CKP0213,0
364,CKP0630,2
365,CKR1446,0
366,CKR1700,0
367,CKW0915,0
368,CLC1425,0
369,CLD1435,0
370,CLF1981,0
371,CLG0114,0
372,CLG0516,0
373,CLJ1447,0
374,CLL0306,0
375,CLL0494,0
376,CLM1538,0
377,CLN0061,0
378,CLS1331,0
379,CLZ1937,0
380,CMB0824,0
381,CMC0816,0
382,CMD0127,0
383,CML1114,0
384,CMM1987,0
385,CMV0524,0
386,CNH1896,0
387,CNM0787,0
388,CNM1208,0
389,COB0021,0
390,COG0940,0
391,CPC0190,0
392,CPD0474,0
393,CPD1525,4
394,CPL0439,0
395,CPS1512,0
396,CPW0219,0
397,CQR1172,0
398,CRB0648,0
399,CRC0217,0
400,CRC1132,0
401,CRD0272,3
402,CRD0404,0
403,CRD0987,0
404,CRG0063,0
405,CRM0880,0
406,CRM0907,0
407,CRM0963,0
408,CRR1966,0
409,CRW0627,0
410,CSB0327,0
411,CSB0990,0
412,CSE0417,0
413,CSV1242,0
414,CSW1165,0
415,CTB0744,0
416,CTB0923,0
417,CTH1812,0
418,CTK0037,0
419,CTK0406,0
420,CTM1817,0
421,CTP0071,0
422,CTT0639,0
423,CVS0720,0
424,CWC0006,0
425,CWM0618,0
426,CWR0696,0
427,CWW1120,3
428,CYG0522,0
429,CZK1473,0
430,CZY0110,0
431,DAC1548,0
432,DAC1641,0
433,DAD0331,0
434,DAD0713,0
435,DAD1438,0
436,DAE1219,0
437,DAH0512,0
438,DAH1996,0
439,DAL0795,0
440,DAR0139,0
441,DAS1320,1
442,DBB1004,0
443,DBJ1992,0
444,DBK0284,0
445,DBS0048,0
446,DCA0857,0
447,DCB0446,0
448,DCB1000,0
449,DCC1119,2
450,DCD0715,0
451,DCF1237,0
452,DCF1479,0
453,DCK1782,0
454,DCR1648,0
455,DCS0636,0
456,DCV1185,0
457,DDK0995,0
458,DDM1065,0
459,DDR1649,0
460,DDR1876,0
461,DDS1090,0
462,DDW0757,0
463,DEB0727,0
464,DEB1767,0
465,Dec-39,0
466,DEM0018,0
467,DEO1964,0
468,DES0591,0
469,DES1474,0
470,DEW0384,0
471,DEW1968,0
472,DHP0732,0
473,DHP1989,0
474,DHR1157,0
475,DHS0204,0
476,DIB1946,0
477,DIM0330,4
478,DIR0835,0
479,DJA0192,0
480,DJC0137,0
481,DJC0337,0
482,DJH0253,0
483,DJH0812,0
484,DJH0895,0
485,DJJ1480,0
486,DJP1603,0
487,DJT1534,0
488,DJW0357,0
489,DJW0418,0
490,DKC0053,0
491,DKG0161,4
492,DKG0637,0
493,DKJ1319,0
494,DKS0563,0
495,DLB0401,0
496,DLB0955,0
497,DLH0679,0
498,DLM0334,0
499,DLM1699,0
500,DLW0349,0
501,DLW1705,0
502,DMB1459,0
503,DMD1197,0
504,DMJ0222,0
505,DML0822,0
506,DMN1365,0
507,DMP0344,0
508,DMW1849,0
509,DNF0876,0
510,DNG0831,0
511,DNJ0740,1
512,DNT1801,0
513,DNW0899,0
514,DOH1483,0
515,DOL0765,0
516,DOR0935,0
517,DOS0777,0
518,DOT0144,0
519,DPC1618,0
520,DPK0954,0
521,DPL1307,0
522,DPN1990,0
523,DPR1589,0
524,DQM0809,4
525,DQR1670,0
526,DQS0807,0
527,DRH1041,0
528,DRJ0070,0
529,DRM0443,0
530,DRN0735,0
531,DSB0530,0
532,DSC1741,0
533,DSH1074,0
534,DTB0722,0
535,DTB0964,0
536,DTC0840,0
537,DVM1290,0
538,DVV1986,0
539,DWR1387,0
540,DXB1791,0
541,DXF1662,0
542,DYN1105,0
543,DZA0195,0
544,DZH1867,0
545,DZM1550,0
546,DZO0285,0
547,DZO0999,0
548,EAC0769,0
549,EAG0633,0
550,EAH1973,0
551,EAL1813,0
552,EAM1308,0
553,EAP0107,0
554,EAP0312,0
555,EAS1970,0
556,EBA0758,0
557,EBB0827,0
558,EBD1636,0
559,EBG1553,0
560,EBP1022,0
561,EBQ1246,0
562,EBW0553,0
563,ECD1434,0
564,ECT1326,0
565,ECV1289,0
566,ECW0160,0
567,ECY0838,0
568,EDC0697,0
569,EGF1305,0
570,EGG1466,0
571,EGM1222,0
572,EHJ1339,0
573,EHM0340,0
574,EIW0714,0
575,EJB0241,0
576,EJC1225,0
577,EJG1445,0
578,EJM1742,0
579,EJO0236,0
580,EJV0094,0
581,EJW1544,0
582,EKR0073,0
583,EKS1182,0
584,ELC1173,0
585,ELM1123,3
586,ELT1370,1
587,EMB0902,0
588,EMM0393,0
589,EMM0641,0
590,EMR0269,0
591,ENB1617,0
592,ENM1861,0
593,EOG0433,0
594,EPB0893,0
595,EPG1196,1
596,EPJ0445,0
597,ERB0104,0
598,ERB0921,0
599,ERM1590,0
600,ERR0525,0
601,ERV1880,0
602,ESH1028,0
603,ESM1828,0
604,ESP1198,0
605,ESW0928,0
606,ETW0002,1
607,EUN1870,0
608,EVF1595,0
609,EWA0156,0
610,EWP1316,0
611,EXB0090,0
612,EYM0896,0
613,EZB0925,0
614,EZG0968,0
615,FAD1863,0
616,FAH0134,0
617,FAJ1122,0
618,FAM0211,0
619,FAM0495,0
620,FAR0102,0
621,FCB1141,0
622,FCG0693,0
623,FCW1100,0
624,FDD1520,0
625,FDS0523,0
626,FDS1690,0
627,FDS1841,0
628,FES1814,0
629,FEV1955,0
630,FGA0659,0
631,FGW1794,0
632,FIM0605,0
633,FJP1692,0
634,FKH0864,0
635,FKS0069,0
636,FKS1696,0
637,FLM1541,0
638,FMG1549,0
639,FMH1018,0
640,FMH1552,0
641,FMP0459,0
642,FRM0010,0
643,FRS0694,0
644,FWB1999,0
645,FWT1586,0
646,FYC0060,0
647,FZG0389,1
648,GAD0664,0
649,GAF0250,0
650,GAF1862,0
651,GAT1343,0
652,GBM0346,0
653,GBO1324,0
654,GBV0440,0
655,GCB0118,0
656,GCC1659,0
657,GCD0194,4
658,GCD0863,0
659,GCE1147,0
660,GCG1753,0
661,GCH0470,0
662,GCS1686,0
663,GCT0366,0
664,GCW0456,0
665,GDC0055,0
666,GDD1687,0
667,GEK1638,0
668,GEM0462,0
669,GER0350,0
670,GFM1815,1
671,GFS0555,0
672,GFS0750,0
673,GFV1837,0
674,GGD1545,0
675,GGM1604,0
676,GGM1629,0
677,GHM0736,0
678,GHW0372,0
679,GIA1171,0
680,GIB0314,0
681,GIC1151,0
682,GJB0363,0
683,GJC0870,0
684,GJM1409,0
685,GKG1693,0
686,GKM1647,0
687,GKW0043,3
688,GLC1055,0
689,GLC1878,0
690,GMB0400,4
691,GMC0051,0
692,GMF0229,0
693,GMM1037,0
694,GMR1399,0
695,GNG1026,0
696,GNV1082,0
697,GPH0932,0
698,GPO1020,0
699,GPS0321,0
700,GPS0970,0
701,GQG1484,0
702,GRB0748,0
703,GRB1842,0
704,GRK0623,0
705,GRR1428,0
706,GRS1214,0
707,GSA1925,0
708,GSB0173,0
709,GSH1262,0
710,GSV0295,0
711,GTC0081,0
712,GTC0614,0
713,GTF1464,0
714,GTN1021,0
715,GTP1369,0
716,GUT1619,0
717,GVM1337,0
718,GWG0497,2
719,GWH0961,0
720,GWO1660,0
721,GXM1952,0
722,GYP1321,0
723,HAB1787,0
724,HAB1894,0
725,HAC1527,0
726,HAD0702,0
727,HAE0105,0
728,HAH1965,0
729,HAL1933,0
730,HBD0788,0
731,HBF0022,0
732,HBF1179,0
733,HBF1250,0
734,HBH0111,0
735,HBH0988,0
736,HBP0009,0
737,HBP1076,4
738,HBR1528,0
739,HBS0392,0
740,HBS1299,0
741,HBW0057,0
742,HBW0683,0
743,HCE1200,0
744,HCM1717,0
745,HCP0900,0
746,HCV0286,0
747,HDA1824,0
748,HDC0844,0
749,HDH1384,0
750,HDL0789,0
751,HDL1230,0
752,HDM0017,0
753,HDM1040,0
754,HDW0743,0
755,HDW1779,0
756,HEB1313,0
757,HFC0248,0
758,HFF0560,0
759,HFM0465,0
760,HGG0166,0
761,HGG0535,0
762,HGS0888,0
763,HHD1606,0
764,HHM1746,0
765,HIK0425,0
766,HIS1394,2
767,HJA1954,0
768,HJB0858,0
769,HJB1444,0
770,HJC1227,0
771,HJL1631,0
772,HJM0688,0
773,HJO0779,0
774,HJO1239,0
775,HJR0841,0
776,HJS0909,0
777,HJW0947,0
778,HJW1371,0
779,HKF1921,0
780,HKK0881,0
781,HKR1291,0
782,HKW1530,0
783,HKW1995,0
784,HLG1851,0
785,HLH0682,0
786,HLL1488,0
787,HMC1322,0
788,HMC1677,0
789,HMC1847,0
790,HMD1505,0
791,HMH1596,0
792,HMI1448,0
793,HMK0653,0
794,HMM1058,0
795,HMS1658,2
796,HMW0602,0
797,HND1098,0
798,HNJ0638,0
799,HNJ1407,0
800,HNP1152,0
801,HNR0874,0
802,HOD1010,0
803,HOS1349,0
804,HPC1404,0
805,HPC1941,0
806,HPM0360,0
807,HQG0905,0
808,HRB1725,0
809,HRC0776,0
810,HRC0977,0
811,HRE0297,0
812,HRE1950,0
813,HRG0957,0
814,HRR0079,0
815,HRR1154,0
816,HRT0984,0
817,HSF1115,0
818,HSG1585,0
819,HSH1102,0
820,HSK0369,0
821,HSK0479,0
822,HSN0675,2
823,HST0084,0
824,HSV0878,0
825,HTB0444,0
826,HTH1001,0
827,HTM1498,0
828,HTR0239,0
829,HTS0762,0
830,HUM0973,0
831,HVL1679,0
832,HVM1288,0
833,HWR1573,0
834,HWS0101,0
835,HWS1772,0
836,HXP0976,2
837,HYA0368,0
838,HYV0848,0
839,IAC0825,0
840,IAG1051,0
841,IAH1241,0
842,IAH1755,0
843,IAJ1729,0
844,IAM1913,0
845,IAR0301,0
846,IBH1267,0
847,IBR0131,0
848,IBS1682,0
849,ICB1354,2
850,ICB1890,0
851,ICH1810,0
852,ICM0537,0
853,ICP1063,0
854,ICS1248,0
855,ICW0083,0
856,IDB0843,0
857,IDC0249,0
858,IDC1744,0
859,IDC1775,0
860,IDW1713,0
861,IEH0412,0
862,IEL0302,0
863,IEP0746,0
864,IFD1761,0
865,IGG1571,0
866,IGN0206,0
867,IHC0561,1
868,IIM0781,0
869,IJM0603,0
870,IJM1276,0
871,IKB0691,0
872,IKS0136,0
873,IKW0174,0
874,IKW0678,0
875,ILF0913,0
876,ILG0879,0
877,ILH1564,0
878,ILH1650,0
879,ILH2000,0
880,ILJ0929,0
881,ILJ1816,0
882,ILM1441,0
883,ILR1613,0
884,IMC0133,0
885,IMR0323,0
886,INC0091,0
887,INK1859,0
888,INW1064,0
889,IPF0550,0
890,IQB1745,0
891,IQT0352,0
892,IRC1877,0
893,IRH1224,4
894,IRM0766,0
895,IRN1736,0
896,IRP1353,0
897,IRP1440,0
898,ISD1866,0
899,ISK0116,0
900,ISS0508,0
901,ISW0738,1
902,ITA0159,2
903,ITM0068,0
904,ITV0200,0
905,IVS1411,0
906,IYF1060,0
907,IYH1611,0
908,JAB1917,0
909,JAC0457,0
910,JAC0721,0
911,JAC1275,0
912,JAC1524,0
913,JAD1379,0
914,JAG0106,0
915,JAG0861,0
916,JAH1802,0
917,JAL0811,2
918,JAM0752,0
919,JAR0794,0
920,JAR1708,0
921,JAT1218,0
922,JAW0280,0
923,JAW1429,0
924,JBB1333,0
925,JBC1885,0
926,JBG1375,0
927,JBI1134,0
928,JBL0414,0
929,JBL0615,0
930,JBL1657,0
931,JBP1832,0
932,JBR1651,0
933,JBR1940,0
934,JCB0544,0
935,JCB0791,0
936,JCC0016,4
937,JCF0594,0
938,JCK0692,0
939,JCM0580,0
940,JCP1478,0
941,JCS1506,0
942,JCV0994,0
943,JDB1163,0
944,JDC0326,0
945,JDF0846,0
946,JDG0255,0
947,JDJ1949,0
948,JDM0208,0
949,JDM0396,0
950,JDR0004,0
951,JDR0927,0
952,JDR1106,0
953,JDS0177,0
954,JDW1019,0
955,JEC1427,0
956,JEH0587,0
957,JFC0075,0
958,JGB1393,0
959,JGM1269,0
960,JGW0820,0
961,JHM1805,0
962,JHP1654,0
963,JHR1580,0
964,JIB1258,0
965,JIG1593,4
966,JIL1675,0
967,JIP1220,0
968,JIP1503,0
969,JIT0356,0
970,JIT0654,0
971,JJA1164,0
972,JJC0259,0
973,JJF1167,0
974,JJH0862,0
975,JJL1566,0
976,JJL1722,0
977,JJM0234,0
978,JJP0798,0
979,JJS0013,0
980,JJW1785,0
981,JKB0287,1
982,JKB0924,0
983,JKB1811,0
984,JKB1843,0
985,JKC1522,0
986,JKM1790,0
987,JLC0558,0
988,JLC0742,0
989,JLC0796,0
990,JLC1301,0
991,JLD1666,0
992,JLF1315,0
993,JLL1975,0
994,JLM0422,0
995,JMA0540,0
996,JMK1531,0
997,JMM0613,4
998,JMP0275,0
999,JMS0859,0
1000,JMV1450,0
1001,JMW0038,0
1002,JNB0673,0
1003,JNR1592,4
1004,JOB0532,0
1005,JOE1672,0
1006,JOM1740,0
1007,JOR1039,0
1008,JOR1221,0
1009,JOR1495,0
1010,JPB0450,0
1011,JPK0945,0
1012,JPM0035,0
1013,JPW0533,0
1014,JQC0210,0
1015,JQS1350,0
1016,JRB0759,0
1017,JRC0238,0
1018,JRC1963,0
1019,JRE1402,0
1020,JRH0993,0
1021,JRS0674,0
1022,JRW1374,0
1023,JSA0468,0
1024,JSB0803,0
1025,JSB0860,0
1026,JSB1915,0
1027,JSH1678,0
1028,JSO1500,0
1029,JTB0163,0
1030,JTF0313,0
1031,JTK0784,0
1032,JTS0903,0
1033,JUL0610,0
1034,JUP1472,1
1035,JUW1135,0
1036,JVC1704,0
1037,JVH0571,0
1038,JVH1575,0
1039,JVM0772,0
1040,JWS0047,0
1041,JXH1061,0
1042,JXN0581,0
1043,JYC0959,0
1044,JYS0621,0
1045,KAC1209,0
1046,KAD0387,0
1047,KAD0817,0
1048,KAG0547,0
1049,KAG0566,0
1050,KAH1868,0
1051,KAH1977,0
1052,KAJ1413,0
1053,KAM0169,0
1054,KAM0645,0
1055,KAW0431,0
1056,KAW0642,0
1057,KBB1294,0
1058,KBB1803,0
1059,KBC0818,0
1060,KBC1390,1
1061,KBC1680,0
1062,KBG1201,0
1063,KBL0908,0
1064,KBL1728,0
1065,KBP0124,0
1066,KBR0575,0
1067,KCB1799,0
1068,KCC1988,0
1069,KCF0767,0
1070,KCG0044,0
1071,KCG1615,0
1072,KCH1437,0
1073,KCJ1788,0
1074,KCK1494,0
1075,KCL0099,0
1076,KCM0402,0
1077,KCM0466,3
1078,KCR1118,0
1079,KCW1215,0
1080,KDB1036,0
1081,KDB1206,0
1082,KDC0996,4
1083,KDC1240,0
1084,KDG1330,0
1085,KDL1901,0
1086,KDP1706,0
1087,KEE0823,0
1088,KEG1006,0
1089,KEM1211,0
1090,KEO0202,0
1091,KES1207,0
1092,KEW0198,1
1093,KFG1727,0
1094,KFH0943,0
1095,KFS1029,0
1096,KGD0416,0
1097,KGL0178,0
1098,KGM1031,0
1099,KHG0205,0
1100,KHH1556,0
1101,KHS1850,0
1102,KHT0739,0
1103,KHW0289,0
1104,KIB0089,0
1105,KIC0438,0
1106,KIF0951,0
1107,KIS1205,0
1108,KJA0347,0
1109,KJG1121,0
1110,KJH0475,0
1111,KJH0804,0
1112,KJH0872,0
1113,KJM0889,0
1114,KJM1303,0
1115,KJN0240,0
1116,KJS1956,0
1117,KJW1664,0
1118,KKL1481,0
1119,KKP0064,0
1120,KKP1311,0
1121,KKS0087,0
1122,KLB0918,0
1123,KLG0576,0
1124,KLM0941,0
1125,KLM1508,0
1126,KLR0112,0
1127,KLW1789,0
1128,KMC1934,0
1129,KMG0062,0
1130,KMH0529,0
1131,KMK1096,0
1132,KMM0014,0
1133,KMM1703,0
1134,KMN0028,0
1135,KMO0382,0
1136,KMR0377,0
1137,KNM0100,0
1138,KOG1386,0
1139,KOL1923,0
1140,KPM0579,0
1141,KPM1002,0
1142,KQM1769,0
1143,KRA1047,0
1144,KRC0098,0
1145,KRC0441,0
1146,KRC0842,0
1147,KRC1348,0
1148,KRM1306,0
1149,KRS0172,0
1150,KSC1255,0
1151,KSC1352,0
1152,KSL0808,0
1153,KSS1005,2
1154,KSS1519,0
1155,KST1643,0
1156,KSW0708,0
1157,KTS0058,0
1158,KUB1569,0
1159,KVC1487,0
1160,KVF1143,0
1161,KVP1424,0
1162,KVV0871,0
1163,KWF0849,0
1164,KWM0365,0
1165,KZB1630,0
1166,KZM0362,0
1167,LAD0226,0
1168,LAF1938,0
1169,LAH0463,3
1170,LAS0129,0
1171,LAS0256,0
1172,LBL0578,0
1173,LCB1869,0
1174,LCR0521,0
1175,LCR1344,0
1176,LCS1760,0
1177,LCW0821,0
1178,LDF0644,0
1179,LDM0399,0
1180,LFB0452,0
1181,LHA0303,0
1182,LHD1233,0
1183,LHD1750,0
1184,LHL0130,0
1185,LHP0320,0
1186,LIB1125,0
1187,LIG1756,0
1188,LIJ1581,0
1189,LIL1199,0
1190,LJC1146,0
1191,LJF1138,0
1192,LJH1027,0
1193,LJL1891,0
1194,LJM0215,0
1195,LJM0375,0
1196,LJM1807,0
1197,LJP1584,0
1198,LJV1620,0
1199,LKB0734,0
1200,LKC0405,0
1201,LKC1796,0
1202,LKL1895,0
1203,LKM0230,0
1204,LKP1714,0
1205,LLB0437,0
1206,LLF1234,0
1207,LLL1469,0
1208,LLP1436,0
1209,LLW0179,0
1210,LMG0065,0
1211,LMM0167,0
1212,LMP1543,0
1213,LMW0837,0
1214,LNS0317,0
1215,LPL0420,0
1216,LPL0877,0
1217,LPS1875,0
1218,LRB0568,0
1219,LRB1496,0
1220,LRF0549,0
1221,LRF1009,0
1222,LRV1554,0
1223,LRW1079,0
1224,LRW1357,0
1225,LSB1588,0
1226,LSC1951,0
1227,LSD1231,0
1228,LSF1709,0
1229,LSH0464,0
1230,LSJ0979,0
1231,LSM1228,0
1232,LSM1382,0
1233,LSN1462,0
1234,LSO1783,0
1235,LTB0308,0
1236,LTH0528,0
1237,LTP0072,0
1238,LTS1378,0
1239,LUH1376,0
1240,LVC0408,0
1241,LVF1626,2
1242,LXM1361,0
1243,LYL1334,0
1244,MAB0500,0
1245,MAB1340,0
1246,MAC1175,0
1247,MAD0207,0
1248,MAE0515,0
1249,MAF0293,0
1250,MAF0467,0
1251,MAF1623,0
1252,MAG0780,0
1253,MAM0045,0
1254,MAM0557,0
1255,MAM1293,0
1256,MAP0424,0
1257,MAR1075,0
1258,MAS0783,0
1259,MAW0469,0
1260,MAW1397,0
1261,MAW1974,0
1262,MBG1455,0
1263,MBH1177,0
1264,MBK1726,0
1265,MBM0145,0
1266,MBM0712,0
1267,MBW1149,0
1268,MCB0227,0
1269,MCB0582,0
1270,MCB1145,0
1271,MCC1372,0
1272,MCH0620,0
1273,MCL1953,0
1274,MCP0611,2
1275,MCS0242,0
1276,MCS1414,0
1277,MCT0695,0
1278,MCV1046,0
1279,MCW0505,0
1280,MCW1367,0
1281,MDB0351,0
1282,MDC0520,0
1283,MDK1412,0
1284,MDL0294,0
1285,MDN0132,0
1286,MDR0572,0
1287,MDR1497,0
1288,MDS0680,2
1289,MEB1743,0
1290,MEC0212,0
1291,MEH0029,0
1292,MEM0221,0
1293,MES0966,0
1294,MES1674,0
1295,MEW0485,0
1296,MFM1400,0
1297,MGB1235,2
1298,MGC0646,0
1299,MGG1342,0
1300,MGH0593,0
1301,MGM0539,0
1302,MGS1944,0
1303,MGT0898,0
1304,MHH0980,0
1305,MHK0565,0
1306,MHM0660,0
1307,MHM1645,0
1308,MHP1377,0
1309,MHS1277,0
1310,MIB0203,1
1311,MIB1265,0
1312,MIC0916,0
1313,MJA1784,0
1314,MJF1600,0
1315,MJF1646,0
1316,MJK0527,0
1317,MJR0711,4
1318,MJW1758,0
1319,MKC0869,0
1320,MKG0606,0
1321,MKH0260,0
1322,MKK0364,0
1323,MKR1094,0
1324,MKT1931,0
1325,MKW1422,0
1326,MLC0141,0
1327,MLH0942,0
1328,MLL0162,0
1329,MLM1614,0
1330,MLW1038,0
1331,MMB0383,0
1332,MMB0556,0
1333,MMB1967,0
1334,MMC1008,0
1335,MMD1477,0
1336,MME1034,0
1337,MMK1532,0
1338,MML0631,0
1339,MMM0082,0
1340,MMM1655,0
1341,MMO0531,0
1342,MMR0390,0
1343,MMR1458,0
1344,MMR1502,0
1345,MMS1905,0
1346,MNE1698,0
1347,MNM1948,0
1348,MOB1071,0
1349,MOD1927,0
1350,MON0700,0
1351,MOS0359,0
1352,MOW1888,0
1353,MPF0690,3
1354,MPK1844,0
1355,MQS0196,0
1356,MRH0407,0
1357,MRW0625,0
1358,MSC0216,0
1359,MSK0117,0
1360,MSM1800,0
1361,MSN1911,0
1362,MSS0799,0
1363,MTD0971,0
1364,MTH0737,0
1365,MTP1582,4
1366,MTS0958,0
1367,MUP1819,0
1368,MUW0570,0
1369,MVM0092,0
1370,MVN1518,0
1371,MWB0225,0
1372,MWC0761,0
1373,MXM0184,0
1374,MYB0686,0
1375,MYB1332,0
1376,MZO1066,0
1377,MZV1557,0
1378,NAB1673,0
1379,NAH1366,2
1380,NAO1281,0
1381,NBB1935,0
1382,NBH0488,0
1383,NBL1190,0
1384,NBL1490,0
1385,NBM1257,0
1386,NBP0252,0
1387,NCB0657,0
1388,NCC0454,0
1389,NCM1243,0
1390,NCU1166,0
1391,NEG0281,0
1392,NEP1848,0
1393,NER1278,0
1394,NFH0677,0
1395,NFJ1694,0
1396,NFS0617,0
1397,NGB1625,0
1398,NHA0054,0
1399,NHB1529,0
1400,NHD0247,0
1401,NHH1099,0
1402,NHR0768,0
1403,NIM1203,0
1404,NIM1282,0
1405,NIV1608,1
1406,NJB0011,0
1407,NJC0003,0
1408,NJD1644,0
1409,NJJ0434,0
1410,NJK1732,0
1411,NJP0665,0
1412,NJS1194,0
1413,NJV1818,0
1414,NKD0115,0
1415,NKF1871,0
1416,NKG0319,0
1417,NKH0704,0
1418,NKM1738,4
1419,NKN1405,4
1420,NKT1510,0
1421,NLC1113,0
1422,NMF1088,0
1423,NMK0536,0
1424,NMM0026,0
1425,NMP0782,0
1426,NMP1003,0
1427,NMV0716,0
1428,NNB1355,0
1429,NNO0832,0
1430,NOB1015,0
1431,NRH0510,0
1432,NRH1383,0
1433,NRM1656,0
1434,NRO1752,0
1435,NRR0476,0
1436,NRR1835,0
1437,NRS0270,0
1438,NSS0926,0
1439,NTB0710,0
1440,NTG1667,0
1441,NTM0305,0
1442,NTV1777,0
1443,NUW1599,0
1444,NVA1748,0
1445,NWH0960,0
1446,NWP1609,0
1447,NZH1839,0
1448,NZL1395,4
1449,OAB0181,0
1450,OAJ0244,0
1451,OAP0978,0
1452,OBN1958,0
1453,OCD1985,0
1454,OCL1245,0
1455,OCW1127,0
1456,ODA0931,0
1457,ODB0034,0
1458,ODG1158,0
1459,OFA1415,0
1460,OFB1017,0
1461,OFM0341,0
1462,OFS0030,4
1463,OHA1516,0
1464,OHC1798,0
1465,OHR0583,0
1466,OHS0036,4
1467,OIP1053,0
1468,OJC0930,0
1469,OJF1882,0
1470,OJP1860,0
1471,OKC0155,0
1472,OKH0453,0
1473,OKM1092,2
1474,OLM1747,0
1475,ONB1833,0
1476,ONG1642,0
1477,OQE0920,0
1478,ORB0455,0
1479,ORR0813,0
1480,OSS1463,2
1481,OTB0008,0
1482,OTE0760,0
1483,OWC0518,0
1484,OWS0279,0
1485,PAA0121,0
1486,PAG0429,0
1487,PAH0819,0
1488,PAM0867,0
1489,PAP1570,0
1490,PBC0077,1
1491,PBS0120,0
1492,PCB0567,0
1493,PCK0271,0
1494,PDB1766,0
1495,PDH1180,0
1496,PEM0277,0
1497,PFM1795,0
1498,PGY1112,0
1499,PHG1778,0
1500,PHP0436,0
1501,PHY0730,0
1502,PIE1712,0
1503,PIR1632,0
1504,PJB0886,0
1505,PJC0254,0
1506,PJC0370,0
1507,PKF1346,0
1508,PKS0278,0
1509,PKS1187,0
1510,PLF1030,0
1511,PLL1043,0
1512,PLM1716,0
1513,PMB1928,0
1514,PMC0815,0
1515,PMC1560,0
1516,PMM1117,0
1517,PNA1776,0
1518,PPB1181,0
1519,PRD0922,0
1520,PRF0257,0
1521,PRG0336,0
1522,PRH0706,0
1523,PRL0585,0
1524,PRL0965,0
1525,PSC0426,0
1526,PSS0157,0
1527,PSV1737,0
1528,PTD0273,0
1529,PTH0005,1
1530,PTH1889,0
1531,PTM1432,0
1532,PTV0067,0
1533,PWB1739,0
1534,PWF0709,0
1535,PXS0749,0
1536,QAP0266,0
1537,QCM0672,0
1538,QCR0394,0
1539,QDB1765,0
1540,QEL1515,0
1541,QGB0554,0
1542,QGC0435,0
1543,QJF0725,0
1544,QJH1605,0
1545,QJS1362,0
1546,QKB0562,0
1547,QKB1893,0
1548,QNB1329,0
1549,QRC1676,0
1550,QRF0039,0
1551,QSG1150,0
1552,QSM1042,0
1553,QSS1380,0
1554,QWP1513,0
1555,QZH0367,0
1556,RAA0263,0
1557,RAB0251,0
1558,RAB1453,0
1559,RAH0052,0
1560,RAH0609,0
1561,RAR0875,0
1562,RAS0197,0
1563,RAS1982,0
1564,RAT0514,0
1565,RAV0088,0
1566,RBA1723,0
1567,RBC1624,0
1568,RBD0122,0
1569,RBD1304,0
1570,RBH0661,0
1571,RBN1906,0
1572,RCD0299,0
1573,RCG0584,4
1574,RCH1216,0
1575,RCL1864,0
1576,RCW1932,0
1577,RDB0546,0
1578,RDC0128,0
1579,RDM0489,0
1580,RDP1751,0
1581,RDS1398,0
1582,RDT0361,0
1583,RDW1710,0
1584,REF1924,1
1585,REL0910,0
1586,REL1335,0
1587,REM1733,0
1588,RFC1991,0
1589,RFP1918,0
1590,RFS0513,0
1591,RGA1622,0
1592,RHB1193,0
1593,RHD1155,0
1594,RHG0882,0
1595,RHM0775,0
1596,RIK0629,0
1597,RIP1368,0
1598,RIS1254,0
1599,RJC0381,0
1600,RJD1533,0
1601,RJG0511,0
1602,RJM0409,0
1603,RJM0634,0
1604,RJS1979,0
1605,RJW0348,0
1606,RJW1406,0
1607,RKC0355,0
1608,RKF0080,0
1609,RKF1268,0
1610,RKG0607,0
1611,RKM0478,0
1612,RKW1936,0
1613,RLF0472,0
1614,RLM1578,0
1615,RLP0666,0
1616,RMB1821,0
1617,RMH0906,0
1618,RMK1771,0
1619,RMN1226,0
1620,RMP0754,0
1621,RMT0496,0
1622,RMV1820,0
1623,RNB1685,0
1624,RNC1295,0
1625,ROA0482,0
1626,ROB0477,0
1627,RPJ1159,0
1628,RPM0125,0
1629,RQB0884,0
1630,RRC0891,0
1631,RRG1253,0
1632,RRS0056,2
1633,RSB1054,0
1634,RSH0836,0
1635,RSM1133,0
1636,RSM1426,0
1637,RSS1825,0
1638,RTB0140,0
1639,RTH0564,0
1640,RUM0165,0
1641,RVJ0046,0
1642,RWJ1403,0
1643,RWP1153,0
1644,RWR0991,0
1645,RXH1139,0
1646,RYG0413,0
1647,RYP0839,0
1648,RZB0358,0
1649,SAA0374,0
1650,SAF1261,0
1651,SAF1942,1
1652,SAH0833,0
1653,SAM0628,0
1654,SAM0911,0
1655,SAW1961,0
1656,SBL1161,0
1657,SBN1279,0
1658,SBP1176,0
1659,SCB0187,0
1660,SCC0379,0
1661,SCC1470,0
1662,SCF0430,0
1663,SCH0670,0
1664,SCI0778,0
1665,SCO1719,0
1666,SCW1456,0
1667,SDF0318,0
1668,SDH1854,0
1669,SDL0541,0
1670,SDR0388,0
1671,SDT0600,0
1672,SDW1781,0
1673,SEC0985,0
1674,SEL1062,0
1675,SEO0946,0
1676,SFA1912,0
1677,SFG1360,0
1678,SFJ0856,0
1679,SFS1109,0
1680,SGB0428,0
1681,SGH0834,0
1682,SGN0146,0
1683,SHC1499,0
1684,SHG1897,0
1685,SIG0640,0
1686,SIH0801,0
1687,SIS0042,2
1688,SIV1287,0
1689,SJA0635,0
1690,SJC0232,0
1691,SJC1563,0
1692,SJD1957,0
1693,SJG0228,0
1694,SJG1417,0
1695,SJP1023,0
1696,SKB1024,0
1697,SKB1962,0
1698,SKC0074,0
1699,SKE1251,0
1700,SKF0786,0
1701,SKF1892,0
1702,SKH1910,0
1703,SKL0325,0
1704,SKN1688,0
1705,SKV0041,0
1706,SKW0066,0
1707,SLC1391,0
1708,SLC1419,0
1709,SLC1865,0
1710,SLD1471,0
1711,SLF1195,0
1712,SLL0193,1
1713,SLM1526,0
1714,SLS1969,0
1715,SLZ0276,0
1716,SMB0473,0
1717,SME1271,0
1718,SMK1323,0
1719,SMN0397,0
1720,SMS0432,0
1721,SMW1131,0
1722,SMW1764,0
1723,SNA0415,0
1724,SNC0218,0
1725,SNC1721,0
1726,SNK1280,2
1727,SNO0033,0
1728,SOP1142,0
1729,SPB1853,0
1730,SPH1244,0
1731,SQC1072,0
1732,SQC1296,0
1733,SRC1468,0
1734,SRM1184,0
1735,SRP1576,0
1736,SRR0324,0
1737,SRR1521,0
1738,SSA0188,0
1739,SSG0726,0
1740,SSH1780,0
1741,SSM1663,0
1742,SSN1130,0
1743,SSS1057,0
1744,SSS1129,0
1745,SSS1683,0
1746,STH0135,0
1747,STH0353,0
1748,STW0237,0
1749,SVB0209,0
1750,SVF1858,0
1751,SWB1809,0
1752,SWC1392,0
1753,SWM1101,0
1754,SWM1653,0
1755,SYB0093,0
1756,SYH1902,0
1757,SZN1421,0
1758,TAB0519,0
1759,TAG1610,0
1760,TAH0300,0
1761,TAJ0023,0
1762,TAK0501,0
1763,TAL1665,0
1764,TAW0689,0
1765,TBA0283,0
1766,TBE1972,0
1767,TBF1107,0
1768,TBH1514,0
1769,TBM1476,0
1770,TBM1904,0
1771,TBP0548,0
1772,TCA1183,0
1773,TCC0311,0
1774,TCC0771,0
1775,TCC1298,0
1776,TCF0559,0
1777,TCH0264,0
1778,TCL0855,0
1779,TCP0380,0
1780,TCW1808,0
1781,TDB1920,0
1782,TDC0800,0
1783,TDC1086,0
1784,TDF0785,0
1785,TDH1351,0
1786,TDK0753,0
1787,TDR1930,0
1788,TES1536,0
1789,TFS1081,0
1790,TFW1388,0
1791,TFW1681,0
1792,THB1069,0
1793,TIH0573,0
1794,TIR0025,0
1795,TJB1012,0
1796,TJG0170,0
1797,TJO0663,0
1798,TJP0616,0
1799,TKH1718,0
1800,TKP1186,0
1801,TLB0894,0
1802,TLM0421,0
1803,TLS0643,0
1804,TLW1050,0
1805,TLW1555,0
1806,TMC0934,1
1807,TME0887,0
1808,TMM0292,0
1809,TMR0186,0
1810,TMT0851,2
1811,TMT1509,0
1812,TMW1907,0
1813,TNB1616,2
1814,TNH1048,0
1815,TOL1914,0
1816,TPO1049,0
1817,TRA1671,0
1818,TRB1093,0
1819,TRB1702,0
1820,TRC1838,2
1821,TRP0892,0
1822,TRS0224,0
1823,TRW0667,0
1824,TSB1546,0
1825,TSG0262,0
1826,TSH1734,0
1827,TSJ0655,0
1828,TTD0288,0
1829,TTG0460,0
1830,TTM0059,0
1831,TTR1792,0
1832,TUJ1007,0
1833,TWB1223,0
1834,UAB0534,0
1835,UAM1108,0
1836,UAR0024,0
1837,UBG1493,0
1838,UCC0395,0
1839,UCD0608,0
1840,UCM1572,0
1841,UEH0944,0
1842,UGB0031,0
1843,UHM1273,0
1844,UIS1637,0
1845,UJC0329,0
1846,UKG0386,0
1847,UKM0845,0
1848,UMB0108,0
1849,UMB0310,0
1850,UMB0322,0
1851,UMH1547,0
1852,UMT1084,0
1853,UNN0707,0
1854,UOR1486,0
1855,URB1668,0
1856,USM0703,0
1857,USW1994,0
1858,UTM0493,0
1859,VAC0731,0
1860,VAH1292,1
1861,VBK0007,0
1862,VCB1325,0
1863,VCC0258,0
1864,VCF1602,2
1865,VCG1873,0
1866,VCH0461,0
1867,VCM0992,0
1868,VDB0481,0
1869,VFA1284,0
1870,VLV0933,0
1871,VMD0850,0
1872,VMP1252,0
1873,VPA0974,0
1874,VRP0267,3
1875,VSB1317,0
1876,VSH1899,0
1877,VUW0873,0
1878,VVG0624,0
1879,VWM0491,0
1880,WAF1652,0
1881,WAH0793,0
1882,WAH1774,0
1883,WAS1823,0
1884,WBB0339,0
1885,WBK1077,0
1886,WBP0828,0
1887,WCB0806,0
1888,WCN0261,0
1889,WCO0020,0
1890,WCR1830,0
1891,WCR1998,0
1892,WCW1013,4
1893,WDP1689,0
1894,WDS1286,0
1895,WDT1634,2
1896,WDT1754,0
1897,WEC0304,0
1898,WFV0687,0
1899,WGF1260,0
1900,WHB1247,1
1901,WHG1669,0
1902,WIR1720,0
1903,WIW1212,0
1904,WJM1922,0
1905,WLH1827,0
1906,WLN0852,0
1907,WLN1730,0
1908,WLP0123,0
1909,WMH1300,0
1910,WMS0486,0
1911,WMS1274,0
1912,WNB1558,0
1913,WOG0797,0
1914,WOM1587,0
1915,WOS1834,4
1916,WPC1984,0
1917,WPL0086,0
1918,WRB1978,0
1919,WRH0526,0
1920,WRH0868,0
1921,WSE1363,0
1922,WSK1857,1
1923,WSW1091,0
1924,WTC0699,0
1925,WWW0701,1
1926,WYG0599,0
1927,WZB0733,0
1928,XAB0622,0
1929,XAM0376,0
1930,XAO1684,0
1931,XAW0912,0
1932,XBK0246,0
1933,XCC1786,0
1934,XDG1256,0
1935,XDM0723,0
1936,XFK0050,0
1937,XJB1052,0
1938,XJH0483,0
1939,XJP1627,0
1940,XJS1358,0
1941,XKB0040,0
1942,XKB1829,0
1943,XKR0168,0
1944,XMG1579,0
1945,XNC1338,0
1946,XRS0498,0
1947,YBD1929,0
1948,YBH0948,0
1949,YBH1926,0
1950,YCC0119,0
1951,YDH0577,0
1952,YDM1822,0
1953,YEG1439,0
1954,YHO0982,0
1955,YIN0342,0
1956,YJB0171,0
1957,YJB0829,0
1958,YKW1943,0
1959,YLH0423,0
1960,YLR1188,0
1961,YMF1089,0
1962,YMJ0243,0
1963,YNC1336,0
1964,YNO0103,0
1965,YSH1997,0
1966,YVJ0986,0
1967,YWF1562,0
1968,YYH0949,0
1969,ZAC0499,0
1970,ZAD1035,0
1971,ZAD1345,0
1972,ZAD1621,0
1973,ZAH0598,0
1974,ZAR0235,0
1975,ZBC0291,0
1976,ZBG0938,0
1977,ZCB0983,0
1978,ZDH1266,0
1979,ZEH0685,3
1980,ZEP0543,0
1981,ZHB1104,0
1982,ZHP0989,0
1983,ZHR0596,0
1984,ZIE0741,2
1985,ZIN1633,0
1986,ZJN1492,0
1987,ZJT1601,0
1988,ZKH0164,0
1989,ZKP0542,1
1990,ZLM1418,0
1991,ZNP1565,0
1992,ZOC0154,0
1993,ZOF1559,0
1994,ZPG1909,0
1995,ZRF1980,0
1996,ZUR1449,0
1997,ZVW1475,0
1998,ZWS0755,0
1999,ZXR1452,0